category,count,mean,std,min,max
beauty,3222,39.8001370515208,59.16377047182834,0.5104000000000001,1982.88
books,3736,19.795639411134903,18.597154487768,0.30624,489.42
clothing,2801,52.37770193502321,86.32376495101397,0.92452,3884.6628
electronics,5912,206.17887239851152,194.7041212323711,3.5786,6346.64
home,2628,63.7813146194825,99.8312231263777,0.75226,4076.8
sports,1642,67.67486295980513,52.70765080285933,0.9802,394.0164
toys,1799,26.249300566981656,22.05825853424752,0.38048,363.25
